Context;Response;doc_id;Topic
I am struggling with my academic performance and can't seem to do well in my classes.;- Academic performance can be challenging and impact your mental health. In therapy, we can work on identifying any underlying issues that may be contributing to the academic issues and developing strategies to help you improve your performance. We can also explore any behaviors or habits that may be contributing to the issue. It's important to know that there are strategies that can help you improve your academic performance.;199;Behavioral issues
I am struggling with my sexuality and don't know how to come out to my family.;- It can be difficult to come out to loved ones, but it's important to prioritize your own happiness and well-being. Let's work together to explore some techniques to improve your confidence and prepare for coming out. Have you considered seeking support groups or practicing self-care?;205;LGBTQ+ issues
I feel like I was born in the wrong body I feel like I should be a girl not a boy Ever since I was young, I have wanted to be a girl. I felt like what I was wasn’t me. I want to know what I can do about it. My family is against transgender people and don't want anything to do with them. I want to be “me. ” I feel as if I'll be happy then. I don't look in mirrors, and I don't like my reflection. Recently, I have been taking things to help even though they were not prescribed. I know I should have this handled by a professional.;"- Hi. Do you have any opportunity to work with a therapist? It sounds like it might be really great to explore these feelings. If you aren't able to, there are many awesome gender work books available that you could use to explore your thoughts and feelings. Also - google ""ask a gender therapist"" - so many amazing video blogs to answer many questions! Good luck!";397;LGBTQ+ issues
I find myself crying over every little thing, like dropping a glass of water. Today, I got out of the shower and noticed that I had forgotten a shirt. I instantly started to cry. When I made it to my room, I began to shake a little, cry more, and I begged for it to stop.;- It is very typical for pregnant moms to feel completely emotionally and extremely teary eyed, so not to worry. Biologically speaking, your body generates an influx of hormones, that affects you neurotransmitters (chemical messages to the brain) that takes you on an emotional rollercoaster, but that's a good thing for the baby. Everyone reponds differently to these changes in mood, ranging from being anxious to being depressed. However it is mostly heightened in the first and third trimester. There is no guide as to how to handle these emotions, but engaging in various sensory activities like walking, yoga, swimming, listening to music may alleviate your mood. Embrace the emotions that go along with pregnancy and know that it is within the norm.;642;Anxiety
I have known I was always different. This year, in December, I found out that I never felt female. I did research and have identified myself as male but don't know how to tell my dad.;"- I admire your courage. If you are concerned about telling your dad regarding your gender identity, I would suggest a couple of things. There are a lot of groups or other supports for people who are working through some of the same changes that you may be going through now. I don't mean to convey that everyone thinks, feels, or acts the same by any means, but rather that it may be helpful to talk to others who have had some similar experiences. I was trying to include some links for you, but that particular button isn't functioning window. If you search for ""transgender support"" on Google, you'll find GLAAD and PFLAG, both of which are national organizations. This does not mean that you have to identify as ""transgender, "" but researching that term may help you to find both national and local resources. As far as telling your dad, if that is particularly concerning for you, I suggest either talking through the details with a local therapist or considering if you have a trusted friend or family member (one who will respect your privacy with regard to who you would like to know about what you are experiencing at this time) so that you can talk with some people to have support. This may help with two things: allowing you to find some support for yourself as you work through the changes that you are going through now and also possibly talking with someone who knows your dad and may be able to talk with you regarding how or when to tell him. One thing that I tell anyone who wants to discuss something that is very important to them is to ask the person they want to talk to whether this is a good time for an important conversation. That way, you have greater chances of having the person's attention and/or not needing to end the conversation quickly. Also, please remember that you know yourself best, as each of us does.
- Hello, and thank you for your question. This is certainly a tough spot. I have a few thoughts and perhaps some colleagues will add some things. You may want to spend a few minutes calling to mind any conversations that you have had with your father about transgender issues, or if you have ever heard him talk about it. That may give you a small clue about how well he may accept this news from you. For example, if he has been watching the news lately, transgender rights is something that is being talked about a lot. Has he had an opinion? This won't tell you for sure if he would be okay with learning you are transgender, but at least you would know if there is hostility toward transgender people. To tell you the truth, the best way to tell your dad is whatever way feels right to you. There is no right or wrong way, best or worst. If you want to tell him when you are by yourself with him? That's perfect. Want to have a friend with you for support? Equally perfect. Whatever thing you need to do. And, of course, there is always the option of not telling him anything until you are comfortable doing so. Unfortunately, the output from your dad can't be predicted. Some parents are totally cool.... others not so much. This is one reason why having someone with your for support is sometimes a good idea. If things get heated, you have someone in your corner. There are therapists who specialize in affirmative therapy, and they may be very helpful to you in working out how you want to tell him. You can also Google some stories about how others came out. I refer many people to the www. letsqueerthingsup. com blog. It is a popular blog written by a trans man that I know. He writes on many topics related to trans issues. Hope some of these suggestions help. Be well... be you.. and good luck! Robin J. Landwehr, DBH, LPC, NCC
- Hello, and thank you for your question. This is certainly a tough spot. I have a few thoughts and perhaps some colleagues will add some things. You may want to spend a few minutes calling to mind any conversations that you have had with your father about transgender issues, or if you have ever heard him talk about it. That may give you a small clue about how well he may accept this news from you. For example, if he has been watching the news lately, transgender rights is something that is being talked about a lot. Has he had an opinion? This won't tell you for sure if he would be okay with learning you are transgender, but at least you would know if there is hostility toward transgender people. To tell you the truth, the best way to tell your dad is whatever way feels right to you. There is no right or wrong way, best or worst. If you want to tell him when you are by yourself with him? That's perfect. Want to have a friend with you for support? Equally perfect. Whatever thing you need to do. And, of course, there is always the option of not telling him anything until you are comfortable doing so. Unfortunately, the response from your dad can't be predicted. Some parents are totally cool.... others not so much. This is one reason why having someone with your for support is sometimes a good idea. If things get heated, you have someone in your corner. There are therapists who specialize in affirmative therapy, and they may be very helpful to you in working out how you want to tell him. You can also Google some stories about how others came out. I refer many people to the www. letsqueerthingsup. com blog. It is a popular blog written by a trans man that I know. He writes on many topics related to trans issues. Hope some of these suggestions help. Be well... be you.. and good luck! Robin J. Landwehr, DBH, LPC, NCC";847;LGBTQ+ issues
I think someone I know might have a mental health issue. What should I do to help them?;- It's great that you are concerned for your friend's well-being. It may be helpful to approach the conversation with empathy and support, and to encourage them to seek professional help if needed. You can also provide resources and information on mental health services. Let's work together to develop a plan that feels supportive and effective.;1115;Social relationships
I'm experiencing gender dysphoria and I feel really uncomfortable in my body. I don't know how to cope with these feelings.;- Gender dysphoria can be a challenging experience, but there are many resources and support available to help you navigate this process. Let's work on developing a treatment plan that may include therapy, support groups, and potentially hormone therapy and/or gender-affirming surgery to help you feel more comfortable in your body.;1320;LGBTQ+ issues
I'm feeling like I'm not making progress in therapy. What can I do?;- It's important to communicate your concerns with your therapist and collaborate on adjusting treatment goals or approaches. Seeking a second opinion or exploring alternative therapies can also be helpful.;1395;Therapy and counseling
I'm feeling really exhausted all the time.;- Fatigue can be caused by a number of factors. Let's explore some potential causes and develop a plan to improve your energy levels.;1976;Stress management
I'm feeling really run down and tired all the time.;- Fatigue can be a sign of a number of underlying health issues. Let's discuss your symptoms and work on strategies for improving your energy levels. We can also explore ways to prioritize self-care and support your overall well-being.;2575;Stress management
I'm going through a divorce and I feel overwhelmed.;- Divorce can be a difficult and emotional process. It's important to take care of yourself during this time by seeking support from friends and family, engaging in self-care activities, and possibly seeking therapy to work through your feelings.;2995;Couples therapy and relationship counseling
I'm having trouble trusting people in my life.;- Trust issues can be a symptom of various issues, such as past trauma or anxiety. Let's explore what could be causing your trust issues and develop strategies for building trust in relationships.;3944;Anxiety
I'm having trouble with my academic performance and feel like a failure.;- Academic performance can be affected by various factors, such as learning disabilities and test anxiety. Let's explore your academic concerns and develop some strategies to improve your academic performance, such as seeking academic support and developing study skills.;4038;Anxiety
I'm having trouble with my academic performance.;"- Academic struggles can be caused by a variety of factors, such as learning disabilities or underlying mental health issues. Let's explore your academic history and see if we can identify any areas that need improvement. We can also work on developing study skills and time management techniques to help you succeed academically.
- Academic struggles can be frustrating, but it's important to identify the root cause and work on strategies to improve. Let's talk about your study habits and work on developing effective learning techniques.";4039;Behavioral issues
I'm having trouble with my faith.;- Faith issues can be difficult to navigate. Let's explore your feelings and work on strategies to help you feel more comfortable with your faith.;4438;None of the topics in the list directly address faith issues. However, if I must choose the closest
I'm having trouble with my finances and I feel like I'm always in debt.;- Financial issues can be challenging. Let's work on developing strategies to help you manage your finances more effectively and explore any underlying issues that may be contributing to the problem.;4496;Stress management
I'm having trouble with my finances. I'm in debt and I don't know how to get out of it.;"- Financial issues can be a stressful and overwhelming situation. Let's work on developing a budget and finding ways to manage your debt. Have you considered talking to a financial advisor or credit counselor?
- Debt can be overwhelming, but there are several steps you can take to improve your financial situation. First, create a budget and stick to it. Cut back on unnecessary expenses and prioritize paying off your debts. Consider consolidating your debts or negotiating with creditors to lower your interest rates. It may also be helpful to seek the advice of a financial planner or credit counselor to develop a long-term plan for managing your finances.";4514;Stress management
I'm having trouble with my gender identity and I don't know how to come out to my family and friends.;- Coming to terms with your gender identity can be a challenging process, but it's important to recognize that you deserve to be respected and affirmed for who you are. Let's work on developing a plan that will help you feel safe and supported when coming out to your loved ones.;4534;LGBTQ+ issues
I'm having trouble with my gender identity. I don't feel comfortable in my assigned gender, and I don't know what to do.;- Gender identity concerns can be challenging, but there are options available to help you explore your gender identity and develop a plan that feels authentic to you. Let's work together to identify your needs and goals and develop a plan that meets them. Have you considered seeking guidance from a gender therapist or support group?;4539;LGBTQ+ issues
I'm having trouble with my gender identity. I don't feel comfortable in my assigned gender.;- Gender identity can be a complex and personal aspect of a person's identity. It's important to explore your feelings and seek support from a therapist or support group if needed.;4540;LGBTQ+ issues
I'm having trouble with my memory and I often forget things.;- Memory issues can be a symptom of many underlying issues. Let's work together to identify any potential causes and develop strategies for improving your memory.;4620;Stress management
I'm having trouble with my memory.;- Memory issues can be a symptom of underlying medical or psychological conditions. Let's discuss your symptoms and explore any underlying factors that may be contributing to your memory issues. We can also discuss memory exercises and techniques to improve memory.;4637;Stress management
I'm having trouble with my memory. I keep forgetting things and it's starting to affect my job performance.;- Memory problems can be caused by a variety of factors, such as stress or depression. We can work together to identify any underlying causes and develop strategies to improve your memory, such as mnemonic devices or memory training exercises. Additionally, addressing any underlying mental health issues can also help to improve memory. Have you tried any memory techniques before?;4646;Stress management
I'm having trouble with my mental health and I don't know what to do.;- Mental health challenges can be very difficult, but there are strategies you can use to manage your symptoms and improve your overall well-being. Let's work together to identify any specific mental health challenges you're facing, and explore different treatment options and strategies for managing your symptoms and improving your quality of life.;4653;Anxiety
I'm having trouble with my motivation and it's affecting my productivity.;- Motivation issues can be very common. Let's talk about your specific concerns and work together to develop a plan to help you find greater motivation and focus in your work and personal life.;4674;Stress management
I'm having trouble with my motivation. I feel like I can't get anything done no matter how hard I try.;- Motivation challenges can be common. Let's explore your goals and ways to create a plan for success. Have you considered breaking tasks into smaller, manageable steps and rewarding yourself for completing them?;4684;Anxiety
I'm having trouble with my religious beliefs. I'm questioning the faith I was raised with, and it's causing a lot of internal conflict.;- Religious identity can be challenging to navigate, especially when it conflicts with your personal beliefs and values. Let's work together to explore your beliefs and develop a plan that feels authentic and meaningful to you. Have you considered seeking guidance from a spiritual counselor or support group?;4881;Family conflict
I'm having trouble with my schizophrenia and I'm hearing voices.;- Schizophrenia is a serious issue that requires professional help. Let's discuss your symptoms and explore treatment options. Have you considered therapy or medication?;4910;Behavioral issues
I'm having trouble with my spiritual beliefs and feel lost.;- Spiritual beliefs can be a personal and complex experience, and it's important to explore and understand your beliefs. Let's discuss your spiritual concerns and develop a plan to support your spiritual health, such as seeking guidance from a religious leader or engaging in spiritual practices.;5161;Grief and loss
I'm having trouble with my spirituality and don't know what I believe in. What can I do to feel more comfortable with my spirituality?;- It's great that you recognize the need to explore your spirituality. We can work together to identify your beliefs and develop coping strategies that work best for you. Some techniques that might help include meditation, prayer, and talking to trusted spiritual leaders or friends.;5162;Spirituality and mental health issues can often intersect with topics like 'Anxiety' or 'Self
I'm having trouble with my spirituality and feel like I'm not sure what I believe in.;- Spiritual exploration can be challenging. Let's work on exploring your beliefs, values, and experiences, and finding ways to connect with a spiritual practice or community that feels authentic to you.;5163;Self-esteem and self-worth
I'm having trouble with my time management and I don't know how to improve it.;- Time management is an important skill for productivity and stress management. Let's talk about your current time management habits, explore strategies that can help you manage your time more effectively, and work together to develop a plan for improving your time management skills.;5229;Stress management
I'm having trouble with my time-management and it's affecting my productivity.;- Time-management is a skill that can be developed with practice. Let's talk about prioritization and organization strategies to help you make the most of your time.;5237;Stress management
I'm having trouble with my trust issues. I find it difficult to trust others and often feel betrayed.;- It sounds like you may be struggling with trust issues. Let's talk about your past experiences and explore some strategies for building trust, such as setting boundaries or practicing forgiveness.;5253;Trust issues
I'm having trouble with public speaking and it's affecting my career.;- Public speaking can be nerve-wracking, but it's a skill that can be learned and improved upon. Let's work on developing confidence and presentation skills through practice and exposure therapy.;5352;Anxiety
I'm really struggling with my faith and spirituality.;- It's normal to have questions and challenges with faith and spirituality. Let's work on exploring those feelings and finding ways to connect with your beliefs in a meaningful way.;5522;Grief and loss
I'm struggling with infertility and don't know how to cope with the emotional toll it's taking on me.;- Infertility can be a difficult and emotional issue to deal with. We can work together to develop coping mechanisms and provide support throughout the process, which may include therapy and support groups.;6019;Grief and loss
I'm struggling with infertility and don't know how to cope.;- Infertility can be a difficult and emotional issue to deal with. Let's talk about your feelings and any specific challenges you're facing. We can work on developing coping strategies and exploring options for fertility treatment or adoption, if that's something you're interested in.;6020;Grief and loss
I'm struggling with infertility and feeling like a failure.;- Let's talk about your experiences with infertility and how it's affecting you emotionally. We can explore treatment options and support groups for infertility. It's important to recognize that infertility is a medical condition and not a reflection of your worth as a person.;6021;Grief and loss
I'm struggling with infertility.;- Let's explore your feelings and work on developing healthy coping mechanisms. We can also discuss options for fertility treatments and alternative paths to parenthood.;6024;Children and adolescent therapy
I'm struggling with infertility. What can I do?;- Infertility can be a difficult issue to navigate. Let's talk about your feelings and explore any treatment options such as fertility treatments or adoption. We can also work on developing healthy coping mechanisms and a support system.;6026;Grief and loss
I'm struggling with my body after giving birth.;- Body changes after giving birth can be challenging, but it's important to remember that your body has gone through a major transformation. Let's work on developing some strategies for self-care and body acceptance.;6120;Self-esteem and self-worth
I'm struggling with my emotions and I don't know how to regulate them.;- Difficulty with emotional regulation can be a symptom of a number of conditions, including mood disorders. Let's explore any potential underlying causes and discuss strategies to help you regulate your emotions more effectively.;6175;Emotional regulation is often associated with 'Anxiety'.
I'm struggling with my faith and I don't know if I believe in God anymore. I feel lost and unsure about my spirituality.;- Spiritual exploration is a personal journey, but it can be helpful to have support and guidance. Let's work on exploring your beliefs and values, and identifying what spirituality means to you. We can also work on finding resources and support systems that align with your beliefs.;6176;"Spiritual exploration is not explicitly covered in the provided topics, but the closest relevant topic would be """
I'm struggling with my faith and I don't know what I believe anymore.;- Faith can be a complex and personal issue. Let's work on exploring your beliefs and values to help you develop a stronger sense of spirituality.;6177;None of the topics in the list directly address struggles with faith or spirituality. However, if I must
I'm struggling with my faith and I don't know what to believe.;- Faith can be a personal and complex experience, but it's important to explore your beliefs and values in a supportive environment. Let's work on developing a sense of spirituality or exploring different religious or philosophical traditions that resonate with you.;6178;Spirituality and faith exploration
I'm struggling with my faith and don't know what to believe anymore.;"- Faith exploration is a natural part of life, but it can be challenging to navigate alone. Let's explore your values, beliefs, and experiences to help you better understand your faith. We can also work on developing healthy coping mechanisms to manage any confusion or uncertainty you may be feeling. Would you like to tell me more about what you're experiencing?
- Faith struggles can be a difficult and emotional experience, but it's important to explore your beliefs and find meaning in your life. Let's explore your concerns and identify any triggers or patterns that may be contributing to your faith struggles. We can also discuss support groups and other resources that may be helpful for you.";6179;Stress management
I'm struggling with my faith and don't know what to believe.;"- Exploring your faith can be a complex and personal process, but it can also be rewarding. Let's work together to explore your beliefs and values, and develop strategies to improve your self-awareness and spiritual well-being. Have you considered talking to a religious leader?
- Faith struggles can be challenging, but it's important to explore your beliefs and find a spiritual path that feels authentic to you. Let's talk about what's been going on and work on developing a greater sense of spiritual awareness and connection.";6180;Self-esteem and self-worth
I'm struggling with my faith and feel disconnected from my religion. What can I do to find spiritual fulfillment?;- It's important to explore your beliefs and values to find spiritual fulfillment. One technique is to engage in activities that align with your faith, such as attending religious services or volunteering for a religious organization. Additionally, therapy can help you address any underlying issues that contribute to your struggles with faith.;6181;Spirituality and faith issues are not explicitly listed in the provided topics, but the closest relevant topic
I'm struggling with my faith and spirituality.;"- Faith and spirituality can be a complex and personal topic to explore, but it's important to allow yourself to explore your beliefs and work through any doubts or questions you may have. Let's explore any underlying issues that may be contributing to your struggles with faith, and work on developing healthy ways to explore and strengthen your spiritual beliefs.
- Faith and spirituality can be complex issues to navigate. Let's work on exploring your beliefs and values and identifying opportunities to deepen your spiritual connection.";6182;Women's issues
I'm struggling with my faith and spirituality. How can I find more meaning and connection?;- Exploring your faith and spirituality is a deeply personal journey, and it's important to take the time to reflect on your beliefs and values. One approach is to seek out spiritual communities and resources, like churches, synagogues, or meditation groups. It's also helpful to explore different spiritual practices, like prayer, mindfulness, or gratitude. We can work together to explore any questions or doubts you might have, and find ways to build your connection and sense of purpose.;6183;Spirituality and faith struggles do not directly align with the provided topics. However, the closest relevant
I'm struggling with my faith.;"- It's normal to question your faith and beliefs at times, and it's important to explore these feelings in a safe and supportive environment. Let's work on finding resources and support to help you navigate this journey.
- Spiritual struggles can be a challenging issue to deal with, but it's important to explore your feelings and identify what makes you comfortable. Let's work on developing a plan to help you feel more confident and self-assured.";6185;Self-esteem and self-worth
I'm struggling with my faith. I don't know what I believe anymore.;- Faith issues can be really challenging to deal with. Let's explore your beliefs and values, and work on building a stronger sense of spirituality.;6186;Spirituality and faith issues are not explicitly listed in the provided topics, but the closest relevant topic
I'm struggling with my gender identity and I don't know how to talk to others about it.;- Gender identity can be a complex and emotional issue. Let's work on developing a plan for coming out or discussing your gender identity with loved ones. It may also be helpful to explore any fears or concerns you may have about coming out.;6200;LGBTQ+ issues
I'm struggling with my gender identity.;"- Let's explore your feelings and work on developing a better understanding of your gender identity. It's important to prioritize your own well-being and happiness.
- Let's explore your gender identity and work on developing self-acceptance and understanding. We can also explore therapy options to help you navigate any challenges or discrimination you may face.
- Gender identity can be a complex and personal experience. Let's explore your feelings and work on developing a plan to support your gender identity, such as connecting with a gender-affirming therapist or support group.";6208;LGBTQ+ issues
I'm struggling with my mental health and I don't know how to seek help.;"- Mental health concerns can be challenging, but it's important to seek professional help and support. Let's discuss any concerns you have and explore ways to connect with a therapist or mental health professional in a safe and supportive environment.
- Seeking help for mental health issues can be intimidating, but it's a brave and important step towards healing. Let's work together to explore your treatment options and develop a plan for recovery. Have you considered talking to a primary care physician or seeking therapy?";6268;Anxiety
I'm struggling with my sexuality and don't know how to come out to my family.;"- Coming out can be a difficult and emotional process, but it's important to be true to yourself. Let's work on developing a plan that feels safe and comfortable for you. We can also explore ways to cope with any potential negative reactions from family and friends.
- Sexuality can be a complex and personal issue, but it's important to remember that you are not alone. Let's work on developing a plan for coming out that feels safe and comfortable for you.
- Coming out can be a difficult and emotional experience, but it's important to be true to yourself. Let's explore your concerns and develop a plan for coming out to your family. We can also discuss support groups and other resources that may be helpful for you.
- Sexual identity is a personal and important aspect of your identity. Let's explore your feelings and experiences and work together to develop a plan for coming out to your family that feels safe and comfortable for you. We can also discuss techniques to improve your overall well-being and support system.
- Coming out can be challenging, but it's important to remember that you are not alone. Let's explore your feelings and work on developing a plan to come out to your family when you feel ready.";6361;LGBTQ+ issues
I'm struggling with my spirituality and I don't know how to connect with a higher power.;- Spirituality can be a complex and personal issue to explore, but there are many evidence-based strategies that can help you develop a deeper connection with a higher power or sense of meaning and purpose. Let's explore some possible sources of spiritual disconnection and work on developing self-reflection and mindfulness practices to improve your spiritual well-being.;6389;Self-esteem and self-worth
I'm struggling with my spirituality and I don't know what I believe in.;- Spiritual issues can be a result of many factors. Let's work together to explore your beliefs and develop a sense of spirituality that works for you.;6390;None of the topics in the list directly address spirituality. However, if I must choose the closest relevant
I'm struggling with my spirituality and don't know what I believe in anymore.;- Spiritual concerns can be challenging, but it's important to explore your beliefs and find meaning and purpose in your life. Let's talk about your spiritual journey and explore ways to find peace and fulfillment. We can also talk about ways to connect with others who share your beliefs.;6391;Spirituality and mental health issues are not explicitly covered in the provided topics. However, the closest
I'm transgender, I know I am, but I've only told a few friends. I know I can't tell my family because of previous conversations we've had. They just wouldn't accept it. My gender dysphoria is getting really difficult to deal with on my own. I need some strategies for dealing with it. What should I do?;"- Hi. It can be difficult to handle such a transition on your own. I work with clients to understand their needs and wants. This can involve how to communicate effectively with friends, family, and other loved ones; or, learning how to have self-acceptance. I strongly recommend speaking with a licensed clinician one on one to help facilitate the change you are looking for.
- Hello, and thank you for your question. I am so glad that you reached out for help. I know that the dysphoria can feel nearly impossible to handle, especially since you have limited support from people who accept who you are. You may already know some of these resources, but I am going to share a few. 1. The website www. letsqueerthingsup. com is a blog from a very good writer that I know. His name is Sam Dylan Finch, and he is transgender. He writes about mental health, transgender issues, and many other topics. I know he has frequently written about gender dysphoria and ways to manage it. You may want to check out his site and do a search on there. 2. The website www. everydayfeminism. com employs many transgender writers and several have written about gender dysphoria and have given ideas for managing it. If you search for gender dysphoria on their site, many articles pop up. It may be a good resource for you, especially if you ever feel lonely and start to forget that there are others out there who are like you and have your back. 3. I am not sure where you live, but there are counselors who specialize in affirmative therapy, which is what is recommended for folks who are part of the LGBTQ community. So, if you decide to see a counselor about the dysphoria, try to find one that specifically says they have been trained in the affirmative approach. In addition, feel free to ask questions of the counselor before agreeing to see them for counseling. An ethical counselor would have no problem answering them before having you come in. 4. If there are some LGBTQ resource centers in your area, try to reach out to them and see if there are support groups. Gaining more support from others would be helpful. Sometimes LGBTQ-friendly counselors leave their contact information for people in resource centers. 5. Finally, I know you have not mentioned being depressed or suicidal, but I also know that it is very common for people to consider suicide when they are struggling with dysphoria, dealing with transphobia, etc. If this ever happens to you, please call 911 or the Trans Lifeline. It's free at 877-565-8860. Visit their site at www. translifeline. org. I hope some of these ideas help. Feel free to send another message if you have a follow-up question. Be well.... be YOU. Robin J. Landwehr, DBH, LPC, NCC
- This is a difficult situation to be in, as it sounds like you are feeling very isolated from both your family and your friends. I don't know your age or gender so please excuse any incorrect assumptions about you being under 18 and use what is useful from the ideas if you are older. One idea is to research online to find a therapist or a local clinic that has a therapist who is a ""Gender Therapist"" or a ""Gender Specialist. "" Most therapists who are transgender affirmative also have other specialties and do general therapy. Though I don't think lying to your parents is a good idea, if you feel you truly can't talk to them about your gender, then perhaps you can find a therapist with a specialization in gender identity who can help you cope with your gender dysphoria. You can let your parents know that you would like to see that particular therapist for other reasons, such as anxiety/worry, and that you researched them and liked their website. Work to find a therapist who takes your parents insurance if you can. You can also talk to the therapist on the phone first, before you talk to your parents about scheduling the first therapy visit. Therapists can help you learn some ways to manage feelings of worry, shame, and fear related to gender dysphoria. Depending on your family situation, many therapists will work to help you learn skills to safely communicate with your parents about what is troubling you. Your parents may actually surprise you and be more accepting than you think. Usually when parents learn that you are suffering, they want to be open to learning how they can help you, even if awkwardly at first. Reframing is a tool that helps you think about your situation from other perspectives. It's kind of how you can look at the same picture with a different picture frame and it makes the same picture look a little different. Keep in mind your situation is probably temporary and think about in the input of your whole long life (can you tolerate another 2 to 4 years living like you are if you have another X number of years to live? ). If you are living at home, you will eventually be more independent and be able to make more of your decisions about your gender expression. Keep the idea in mind the concept that is popular in mindfulness classes I teach, that ""This too shall pass"" or ""This is only for now"" when you start to feel hopeless. If you start to over focus on your gender or body issues, try to distract yourself with things that make you feel happy (your pet, music, art, sports etc) or stay busy. If you can, find any GSA or LGBTIQQ youth group that you can attend confidentially, further away from home, to get some support. Work to find an ally, one person, that you can talk to about what you are feeling. Making new friends online through social media can sometimes be a start in breaking down the isolation you feel. Another idea, if you are under 24 years old, there is a phone line (866-488-7386) to call in case you are ever feeling you are in crisis. You can also text chat! Trevor Project: http://www. thetrevorproject. org/There is also a trans teen online chat group if you are 12-19 http://www. glbthotline. org/transteens. htmlIf you are an adult you can get numbers to call in your state if you start to feel suicidal:http://www. suicidepreventionlifeline. org/Day to day, can you creatively work on your gender dysphoria? Yes! Are there ways you can focus on parts of your body you love? Can you focus on that when you look in the mirror? Are you a writer? Can you write stories or poetry about the life you imagine for yourself in the future? Can you do small things that help you get more in touch with your gender day to day like making small choices about your clothing, like wearing clothes that are more unisex, that only you know are gender related but others won't notice? You cannot force others to accept you but you can work on your self-acceptance and self-compassion. That work is something that is best done in the company of others like you as well as with at least another person who gets you and whom you can trust. Good luck to you!
- Hi! I am so glad you're reaching out! Sounds like you have some solid support in some areas of your life but are still dealing with some difficult dysphoria. I think it can depend on what kind of dysphoria you have - sometimes it's physical, social or mental. Sometimes physical dysphoria means less time around mirrors or plans to make showering less stressful (music, audio books, distraction). Sometimes online support networks can be a great source of ideas in this way (for social and mental dysphoria as well). Some of my clients do things that help them feel better in their bodies that don't require anyone to know (hair removal, binders, packing, hormones, ) and other things. I recommend stopping by a website called Conversations with a Gender Therapist. There are some awesome videos there that might help you! I hope this helps some! Don't forget to try to connect with other trans folks (even online) - it can be a great relief to know you're not alone in how you're feeling! Best of luck!!
- This is a difficult situation to be in, as it sounds like you are feeling very isolated from both your family and your friends. I don't know your age or gender so please excuse any incorrect assumptions about you being under 18 and use what is useful from the ideas if you are older. One idea is to research online to find a therapist or a local clinic that has a therapist who is a ""Gender Therapist"" or a ""Gender Specialist. "" Most therapists who are transgender affirmative also have other specialties and do general therapy. Though I don't think lying to your parents is a good idea, if you feel you truly can't talk to them about your gender, then perhaps you can find a therapist with a specialization in gender identity who can help you cope with your gender dysphoria. You can let your parents know that you would like to see that particular therapist for other reasons, such as anxiety/worry, and that you researched them and liked their website. Work to find a therapist who takes your parents insurance if you can. You can also talk to the therapist on the phone first, before you talk to your parents about scheduling the first therapy visit. Therapists can help you learn some ways to manage feelings of worry, shame, and fear related to gender dysphoria. Depending on your family situation, many therapists will work to help you learn skills to safely communicate with your parents about what is troubling you. Your parents may actually surprise you and be more accepting than you think. Usually when parents learn that you are suffering, they want to be open to learning how they can help you, even if awkwardly at first. Reframing is a tool that helps you think about your situation from other perspectives. It's kind of how you can look at the same picture with a different picture frame and it makes the same picture look a little different. Keep in mind your situation is probably temporary and think about in the context of your whole long life (can you tolerate another 2 to 4 years living like you are if you have another X number of years to live? ). If you are living at home, you will eventually be more independent and be able to make more of your decisions about your gender expression. Keep the idea in mind the concept that is popular in mindfulness classes I teach, that ""This too shall pass"" or ""This is only for now"" when you start to feel hopeless. If you start to over focus on your gender or body issues, try to distract yourself with things that make you feel happy (your pet, music, art, sports etc) or stay busy. If you can, find any GSA or LGBTIQQ youth group that you can attend confidentially, further away from home, to get some support. Work to find an ally, one person, that you can talk to about what you are feeling. Making new friends online through social media can sometimes be a start in breaking down the isolation you feel. Another idea, if you are under 24 years old, there is a phone line (866-488-7386) to call in case you are ever feeling you are in crisis. You can also text chat! Trevor Project: http://www. thetrevorproject. org/There is also a trans teen online chat group if you are 12-19 http://www. glbthotline. org/transteens. htmlIf you are an adult you can get numbers to call in your state if you start to feel suicidal:http://www. suicidepreventionlifeline. org/Day to day, can you creatively work on your gender dysphoria? Yes! Are there ways you can focus on parts of your body you love? Can you focus on that when you look in the mirror? Are you a writer? Can you write stories or poetry about the life you imagine for yourself in the future? Can you do small things that help you get more in touch with your gender day to day like making small choices about your clothing, like wearing clothes that are more unisex, that only you know are gender related but others won't notice? You cannot force others to accept you but you can work on your self-acceptance and self-compassion. That work is something that is best done in the company of others like you as well as with at least another person who gets you and whom you can trust. Good luck to you!";6587;LGBTQ+ issues
I've been having trouble expressing my emotions.;- Emotional regulation can be a challenging skill to develop, but it's important for overall well-being and healthy relationships. Let's work on identifying different emotions and exploring effective ways to express them.;6927;Emotional regulation can be a challenging skill to develop, but it's important for overall well-being and healthy
Maybe this is a stupid question, but I sometimes don't know what's real or not. If feel at times like everyone's lying. How do I know if God is one of those lies?;"- There are an infinite number of ways to look at this. Spirituality, religion, God, higher power, and many other parts of this discussion mean different things to different people. My question for you is what does ""real"" actually mean to you? Often, the concept of God has to do with what you believe in. If you ask 1000 different people, you'll probably get almost that many different answers. Consider talking with friends or family about this. I would suggest, though, that you have the discussion initially with people who you trust and who you feel are willing to listen to your questions and beliefs and perhaps offer an opinion without trying to make you believe as they do. You may also consider speaking with a pastor or another religious figure. The local Salvation Army may have a link to a religious or spiritual person that leads nondenominational church services. There may be able to help you to sort through this if your friends and family do not provide a comfortable environment for you related to this discussion. Just a word of caution. In my experience, ideas of religion and spirituality can be lead to very deep discussions with some people who are very strongly connected to what they believe. Some people do not easily separate their own beliefs from those of others. When initiating conversations about this, try first asking whether someone would be comfortable discussing religion or spirituality. A second question may be whether it is okay with this person you are talking to if you have different beliefs or opinions. As far as whether God is real or not, consider trusting yourself and what you learn, feel, and believe as you work through this process.
- Thanks for posting. This is a significant issue for many people and can make us feel helpless; among other emotions due to the uncertainty. You said that, at times, you feel like everyone is lying. Ask yourself some of these questions. What is it that makes you feel so strongly that they are lying? Where is the concrete evidence that they are lying? How could I test my thoughts about this? What if things are not what they seem on the surface? Am I any lesser of a person as a result of this person's behavior or opinion? Our beliefs about ourselves and the people and our world and how we interpret information and experiences have a significant effect on how we feel and how we behave. It is important to objectively challenge the beliefs that contribute to negative emotions. You can start this process by answering some of the above questions. We are unfortunately influenced by what and who we associate with. As it pertains to if God is a lie; be honest with yourself and question your beliefs that tell you that God is or is not real. It may be helpful for you to speak to a preacher or chaplain of some sort and they can help you with a lot of that. Hope this helps at least a little bit.
- The way that I see it is that Humans have always been afraid of life and death, historically we have always tried to understand life, we try to organize it, categorize it, explore it, and we've built up this system, our system and societies system around us to help us define what life and (death) is, this system or way is not real but only a perception of our own value judgements, it is, no matter how you try to argue it, a false system of conditioning, humans have a finite mind and a finite mind cannot ever hope to understand an infinite mind of which a god would be. God has been developed over time as a security blanket for our child-like selves, the world is a beautifully brutal place and what is more reassuring than a master that will take care of us and show us the way. On Earth alone there are thousands of gods and even many more systems of thought, economics, societal structures and so on, it is almost as though it were a supermarket with so many choices, we have more choices in gods than we do flavors of ice cream at Baskin-Robbins, so then I ask you, ""which one is real?, and ""what is real? ""
- It is not a stupid question, it is very basic. To help answer your question, let me begin with the premise that you will never have absolute proof. With that being said, one can look at different phenomena in nature and history and figure what is the statistical probability that they happened randomly. If one comes to the logical conclusion that many are quite improbable, then there must be a guiding force and plan. May you be successful in your journey.
- Your question is actually thoughtful and reflects a true interest to know more about life. No one knows if god is a lie because ""god"" is a concept in which people either make up their own definition of this concept, or believe one of the concepts of what god is, handed down by religions. All the religions exclude the other god concepts, and expect loyalty to believing in their particular version of ""god"". Probably god is real in the sense that most people want to believe there is guided purpose to what goes on in life. This is as definite as what we can know about ""god"". ""God"" is not a lie because it is not a fact. Beliefs aren't provable.
- Believing in God is a matter of faith. There are many opinions out there for and against God’s existence. But the real question is not if God is real or not, but, do you want to have faith and decide that he exists? This is a personal choice. Reading scripture may help to learn more about those who struggle with believing, but again, you decide if you believe that scripture is true or not. Praying and asking for a revelation or a confirmation may help as well, but again it is another act of faith. Estoy teniendo dificultad con la idea de: ¿Dios es real o no? Tal vez es una pregunta estúpida, pero algunas veces no sé que es real o no. Siento que todo el mundo miente. ¿Cómo se si Dios es una de esas mentiras? Creer en Dios es una cuestión de fe. Hay muchas opiniones en favor y en contra de la existencia de Dios. Pero la verdadera pregunta no es si Dios existe, pero si tu quieres creer que existe. Esto es una decisión muy individual. Leer la Biblia te puede ayudar a conocer sobre algunas personas que han dudado, pero de nuevo, tu decides si las escrituras son reales para ti. Orar y pedir una revelación o confirmación es otro acto de fe, que te puede ayudar.";7103;'LGBTQ+ issues'
